POA&M Item ID,Control Vulnerability Description,Security Control Number (NC/NA controls only),Office/Org,Security Checks,Resources Required,Scheduled Completion Date,Milestone with Completion Dates,Milestone Changes,Source Identifying Control Vulnerability,Status,Comments,Raw Severity,Mitigations,Severity,Recommendations
P-10,"Classification markings are not carried on every output: TAK/CoT events, the CSV track export, the audit CSV, registry sheets and configuration exports carry no marking, and the UI does not show a track's own label.","AC-16, MP-3",OpenTrack product team,"ASD V-222395, V-222643",Development team,[[DATE]],"0.5.0: Mark each output (CoT detail element, export headers) and show the track label in the UI; or refuse labelled tracks on unmarked outputs. [[DATE]]",,STIG checklist,Ongoing,,I,,High,"Mark each output (CoT detail element, export headers) and show the track label in the UI; or refuse labelled tracks on unmarked outputs."
P-16,"Listening sources can accept unauthenticated devices: UDP and multicast, TCP server without client_ca_file, gRPC server without a bearer token.","IA-3, SC-8",OpenTrack product team,ASD V-222533,Development team,[[DATE]],"0.5.0: Require mTLS or a token on listening sources unless explicitly allowed, and list the exception in the hardening checklist. [[DATE]]",,STIG checklist,Ongoing,,II,,Moderate,"Require mTLS or a token on listening sources unless explicitly allowed, and list the exception in the hardening checklist."
P-17,Release images are signed with cosign's standard (non-FIPS) cryptography and a file key.,"SC-13, SR-4",OpenTrack product team,ASD V-222570,Development team,[[DATE]],0.5.0: Sign with a FIPS-validated module (Go FIPS mode or a KMS/HSM key). [[DATE]],,STIG checklist,Ongoing,,II,,Moderate,Sign with a FIPS-validated module (Go FIPS mode or a KMS/HSM key).
P-18,The user interface and the administration functions share one listener and sign-in; only role checks separate them.,SC-2,OpenTrack product team,ASD V-222574,Development team,[[DATE]],0.5.0: Add an optional admin-only listener (e.g. OT_ADMIN_BIND) so a site can put administration on a management network. [[DATE]],,STIG checklist,Ongoing,,II,,Moderate,Add an optional admin-only listener (e.g. OT_ADMIN_BIND) so a site can put administration on a management network.
P-19,Multicast (UDP sources and TAK SA output) is IPv4 only.,SC-7,OpenTrack product team,ASD V-222634,Development team,[[DATE]],0.5.0: Add IPv6 multicast and IPv6 tests. [[DATE]],,STIG checklist,Ongoing,,II,,Moderate,Add IPv6 multicast and IPv6 tests.
P-21,"The sample docker-compose.yml uses host networking, a bind mount, and no CPU, memory or process limits.","CM-7, SC-6",OpenTrack product team,"CP SRG V-233127, V-270875",Development team,[[DATE]],"Next 0.4 release: Ship a bridge network with only 8090 published, a named volume and resource limits; document host networking as an exception. [[DATE]]",,STIG checklist,Ongoing,,II,,Moderate,"Ship a bridge network with only 8090 published, a named volume and resource limits; document host networking as an exception."
P-22,"The v0.4.2 and v0.4.3 images have 5 Critical, 61 High, 99 Medium and 90 Low findings, all in Debian 12 base packages (perl-base, util-linux, libxml2, zlib, ncurses, ...), none with a fix at scan time (tzdata has one).","RA-5, SI-2, SA-22",OpenTrack product team,"scans/v0.4.2/scan.md, scans/v0.4.3/scan.md",Development team,[[DATE]],"Next 0.4 release: Rebuild on the current base; move to a minimal runtime image carrying only what the binary, SAML (libxml2/xmlsec) and the OpenSSL FIPS provider need. [[DATE]]",,Vulnerability scan,Ongoing,,I,,High,"Rebuild on the current base; move to a minimal runtime image carrying only what the binary, SAML (libxml2/xmlsec) and the OpenSSL FIPS provider need."
P-23,"Dependency advisories and the image scan run only on push or release, not on a schedule.","SI-2(2), RA-5(2)",OpenTrack product team,SSP SI-2(2),Development team,[[DATE]],"Risk accepted: Accepted by the product owner (2026-09-30): dependency advisories and the image scan run when each release is built (scripts/ato/scan, cargo deny, npm audit), not on a schedule. A site that needs scheduled scanning runs scripts/ato/scan on its own schedule. [[DATE]]",,SSP / control mapping,Ongoing,,III,,Low,"Accepted by the product owner (2026-09-30): dependency advisories and the image scan run when each release is built (scripts/ato/scan, cargo deny, npm audit), not on a schedule. A site that needs scheduled scanning runs scripts/ato/scan on its own schedule."
P-25,"The Content Security Policy allows inline styles (style-src 'unsafe-inline'), which React, MapLibre and CodeMirror need (finding F-5).",SC-18,OpenTrack product team,stig-mapping F-5,Development team,[[DATE]],0.5.0: Move inline styles to classes or nonces where the libraries allow; accept the residual risk otherwise. [[DATE]],,SSP / control mapping,Ongoing,,III,,Low,Move inline styles to classes or nonces where the libraries allow; accept the residual risk otherwise.
P-26,"Client-certificate revocation is checked with CRLs only (end-entity), not OCSP.",IA-5(2),OpenTrack product team,stig-mapping F-6; roadmap #21,Development team,[[DATE]],0.5.0: OCSP with stapling or responder queries (#21). [[DATE]],,SSP / control mapping,Ongoing,,II,,Moderate,OCSP with stapling or responder queries (#21).
